{"total_trades":3,"open_trades":0,"closed_trades":3,"win_count":1,"loss_count":2,"win_rate":0.3333333333333333,"total_pnl_dollars":-149.99999999999997,"avg_pnl_pct":-25.396825396825392,"best_trade_pct":23.80952380952382,"worst_trade_pct":-100.0,"avg_hold_days":0.0}
---HTTP_STATUS:200---SIZE:265---